category,action,path,size_bytes,status,message
duplicate,quarantine,D:\C and C++\C++黑马学习\Study\.vs\Study\config\applicationhost.config,83168,planned,dry_run
duplicate,quarantine,D:\C and C++\C++黑马学习\Study\C初阶\六.结构体\结构体\.vs\结构体\CopilotIndices\18.0.988.22099\SemanticSymbols.db-shm,32768,planned,dry_run
duplicate,quarantine,D:\C and C++\C++黑马学习\build\CMakeFiles\4.1.2-msvc8\CompilerIdC\CMakeCCompilerId.c,29602,planned,dry_run
duplicate,quarantine,D:\C and C++\C++黑马学习\build\CMakeFiles\4.3.0-rc1\CompilerIdC\CMakeCCompilerId.c,29602,planned,dry_run
duplicate,quarantine,D:\C and C++\C++黑马学习\数据结构\比特版\马\Sequence\build\CMakeFiles\4.3.0-rc1\CompilerIdC\CMakeCCompilerId.c,29602,planned,dry_run
duplicate,quarantine,D:\C and C++\C++黑马学习\数据结构\b站孙老师版\代码(无乱码）\代码\代码\函数\test2,12588,planned,dry_run
duplicate,quarantine,D:\C and C++\C++黑马学习\数据结构\b站孙老师版\代码(无乱码）\代码\代码\结构体\test5,12556,planned,dry_run
duplicate,quarantine,D:\C and C++\C++黑马学习\数据结构\比特版\马\LinkList\Single\SingleList\SingleList\x64\Debug\SingleList.tlog\CL.read.1.tlog,6924,planned,dry_run
duplicate,quarantine,D:\C and C++\C++黑马学习\数据结构\b站孙老师版\代码(无乱码）\代码\代码\栈与队列\表达式求值\.DS_Store,6148,planned,dry_run
duplicate,quarantine,D:\C and C++\C++黑马学习\.git\logs\HEAD,5329,planned,dry_run
duplicate,quarantine,D:\C and C++\C++黑马学习\Study\C进阶\Contact\.vs\Contact.slnx\v18\DocumentLayout.backup.json,4248,planned,dry_run
duplicate,quarantine,D:\C and C++\C++黑马学习\Study\C进阶\动态内存管理\.vs\动态内存管理.slnx\v18\DocumentLayout.backup.json,3997,planned,dry_run
duplicate,quarantine,D:\C and C++\C++黑马学习\Study\C进阶\文件操作\.vs\文件操作.slnx\v18\DocumentLayout.backup.json,3497,planned,dry_run
duplicate,quarantine,D:\C and C++\C++黑马学习\数据结构\比特版\马\Sequence\build\CMakeFiles\4.3.0-rc1\CMakeCCompiler.cmake,3086,planned,dry_run
duplicate,quarantine,D:\C and C++\C++黑马学习\数据结构\比特版\马\Sequence\build\CMakeFiles\4.3.0-rc1\CompilerIdC\CompilerIdC.vcxproj,2798,planned,dry_run
duplicate,quarantine,D:\C and C++\C++黑马学习\数据结构\比特版\马\Sequence\build\demo.dir\Debug\demo.tlog\CustomBuild.read.1.tlog,1881,planned,dry_run
duplicate,quarantine,D:\C and C++\C++黑马学习\数据结构\比特版\马\Sequence\build\CMakeFiles\4.3.0-rc1\VCTargetsPath.vcxproj,1255,planned,dry_run
duplicate,quarantine,D:\C and C++\C++黑马学习\Study\C初阶\五.指针\.vs\五.指针.slnx\v18\DocumentLayout.backup.json,574,planned,dry_run
duplicate,quarantine,D:\C and C++\C++黑马学习\数据结构\比特版\马\Sequence\build\demo.dir\Debug\demo.tlog\CustomBuild.command.1.tlog,519,planned,dry_run
duplicate,quarantine,D:\C and C++\C++黑马学习\build\CMakeFiles\4.1.2-msvc8\CMakeSystem.cmake,395,planned,dry_run
duplicate,quarantine,D:\C and C++\C++黑马学习\build\CMakeFiles\4.3.0-rc1\CMakeSystem.cmake,395,planned,dry_run
duplicate,quarantine,D:\C and C++\C++黑马学习\数据结构\比特版\马\Sequence\build\CMakeFiles\4.3.0-rc1\CMakeSystem.cmake,395,planned,dry_run
duplicate,quarantine,D:\C and C++\C++黑马学习\build\CMakeFiles\4.1.2-msvc8\CMakeRCCompiler.cmake,240,planned,dry_run
duplicate,quarantine,D:\C and C++\C++黑马学习\Study\C进阶\Contact\Contact\build\x64\Debug\ZERO_CHECK\ZERO_CHECK.tlog\ZERO_CHECK.lastbuildstate,234,planned,dry_run
duplicate,quarantine,D:\C and C++\C++黑马学习\数据结构\比特版\马\Sequence\build\demo.dir\Debug\demo.tlog\demo.lastbuildstate,231,planned,dry_run
duplicate,quarantine,D:\C and C++\C++黑马学习\数据结构\比特版\马\Sequence\build\x64\Debug\ZERO_CHECK\ZERO_CHECK.tlog\ZERO_CHECK.lastbuildstate,231,planned,dry_run
duplicate,quarantine,D:\C and C++\C++黑马学习\数据结构\比特版\马\Sequence\build\CMakeFiles\4.3.0-rc1\CMakeRCCompiler.cmake,212,planned,dry_run
duplicate,quarantine,D:\C and C++\C++黑马学习\Study\Study.vcxproj.user,168,planned,dry_run
duplicate,quarantine,D:\C and C++\C++黑马学习\Study\C初阶\五.指针\指针\指针.vcxproj.user,168,planned,dry_run
duplicate,quarantine,D:\C and C++\C++黑马学习\Study\C初阶\六.结构体\结构体\结构体.vcxproj.user,168,planned,dry_run
duplicate,quarantine,D:\C and C++\C++黑马学习\Study\C初阶\调试\test_26_1_29\test_26_1_29\test_26_1_29.vcxproj.user,168,planned,dry_run
duplicate,quarantine,D:\C and C++\C++黑马学习\Study\C进阶\Contact\Contact\Contact.vcxproj.user,168,planned,dry_run
duplicate,quarantine,D:\C and C++\C++黑马学习\Study\C进阶\动态内存管理\动态内存管理\动态内存管理.vcxproj.user,168,planned,dry_run
duplicate,quarantine,D:\C and C++\C++黑马学习\Study\C进阶\数据存储_数据类型\数据存储_数据类型\数据存储_数据类型.vcxproj.user,168,planned,dry_run
duplicate,quarantine,D:\C and C++\C++黑马学习\Study\C进阶\文件操作\文件操作\文件操作.vcxproj.user,168,planned,dry_run
duplicate,quarantine,D:\C and C++\C++黑马学习\Study\C进阶\自定义类型\自定义类型\自定义类型.vcxproj.user,168,planned,dry_run
duplicate,quarantine,D:\C and C++\C++黑马学习\Study\C进阶\预处理\预处理\预处理.vcxproj.user,168,planned,dry_run
duplicate,quarantine,D:\C and C++\C++黑马学习\数据结构\比特版\马\OJ\OJ\OJ.vcxproj.user,168,planned,dry_run
duplicate,quarantine,D:\C and C++\C++黑马学习\数据结构\比特版\马\Sequence\build\demo.dir\Debug\demo.tlog\CustomBuild.write.1.tlog,162,planned,dry_run
duplicate,quarantine,D:\C and C++\C++黑马学习\.vs\C++黑马学习\FileContentIndex\3842a88a-bc4d-4942-9647-60fa93bc6298.vsidx,107,planned,dry_run
duplicate,quarantine,D:\C and C++\C++黑马学习\Study\C初阶\五.指针\.vs\五.指针.slnx\FileContentIndex\897bf3a5-7d54-4d0c-a38e-4b750c6dc996.vsidx,107,planned,dry_run
duplicate,quarantine,D:\C and C++\C++黑马学习\Study\C进阶\文件操作\.vs\文件操作.slnx\FileContentIndex\494553dc-160b-4d20-8356-3f312252f866.vsidx,107,planned,dry_run
duplicate,quarantine,D:\C and C++\C++黑马学习\Study\C进阶\预处理\.vs\预处理.slnx\FileContentIndex\101567d7-c6a0-4958-903b-fc79d7eb3148.vsidx,107,planned,dry_run
duplicate,quarantine,D:\C and C++\C++黑马学习\Study\C进阶\预处理\.vs\预处理.slnx\FileContentIndex\9cc60c03-48f7-4a2d-9a12-b32bd8a6caf1.vsidx,107,planned,dry_run
duplicate,quarantine,D:\C and C++\C++黑马学习\build\CMakeFiles\cmake.check_cache,86,planned,dry_run
duplicate,quarantine,D:\C and C++\C++黑马学习\数据结构\比特版\马\Sequence\build\CMakeFiles\cmake.check_cache,86,planned,dry_run
duplicate,quarantine,D:\C and C++\C++黑马学习\数据结构\比特版\马\Sequence\build\CMakeFiles\generate.stamp,55,planned,dry_run
duplicate,quarantine,D:\C and C++\C++黑马学习\数据结构\比特版\马\Sequence\build\CMakeFiles\4.3.0-rc1\VCTargetsPath.txt,46,planned,dry_run
duplicate,quarantine,D:\C and C++\C++黑马学习\Study\.vs\ProjectSettings.json,44,planned,dry_run
duplicate,quarantine,D:\C and C++\C++黑马学习\.git\ORIG_HEAD,41,planned,dry_run
duplicate,quarantine,D:\C and C++\C++黑马学习\.git\refs\heads\main,41,planned,dry_run
duplicate,quarantine,D:\C and C++\C++黑马学习\数据结构\比特版\马\Sequence\build\CMakeFiles\04cb36d7b7697a1609d5156dbddef9c2\generate.stamp.rule,24,planned,dry_run
junk_pattern,quarantine,D:\C and C++\C++黑马学习\Study\C初阶\五.指针\指针\指针\Debug\指针.log,114,planned,dry_run
junk_pattern,quarantine,D:\C and C++\C++黑马学习\Study\C初阶\五.指针\指针\指针\x64\Debug\指针.log,113,planned,dry_run
junk_pattern,quarantine,D:\C and C++\C++黑马学习\Study\C初阶\六.结构体\结构体\结构体\Debug\结构体.log,124,planned,dry_run
junk_pattern,quarantine,D:\C and C++\C++黑马学习\Study\C初阶\六.结构体\结构体\结构体\x64\Debug\结构体.log,526,planned,dry_run
junk_pattern,quarantine,D:\C and C++\C++黑马学习\Study\C初阶\调试\test_26_1_29\test_26_1_29\Debug\test_26_1_29.log,118,planned,dry_run
junk_pattern,quarantine,D:\C and C++\C++黑马学习\Study\C初阶\调试\test_26_1_29\test_26_1_29\x64\Debug\test_26_1_29.log,126,planned,dry_run
junk_pattern,quarantine,D:\C and C++\C++黑马学习\Study\C进阶\Contact\Contact\x64\Debug\Contact.log,146,planned,dry_run
junk_pattern,quarantine,D:\C and C++\C++黑马学习\Study\C进阶\动态内存管理\动态内存管理\Debug\动态内存管理.log,147,planned,dry_run
junk_pattern,quarantine,D:\C and C++\C++黑马学习\Study\C进阶\动态内存管理\动态内存管理\x64\Debug\动态内存管理.log,207,planned,dry_run
junk_pattern,quarantine,D:\C and C++\C++黑马学习\Study\C进阶\数据存储_数据类型\数据存储_数据类型\Debug\数据存储_数据类型.Build.CppClean.log,0,planned,dry_run
junk_pattern,quarantine,D:\C and C++\C++黑马学习\Study\C进阶\数据存储_数据类型\数据存储_数据类型\Debug\数据存储_数据类型.log,160,planned,dry_run
junk_pattern,quarantine,D:\C and C++\C++黑马学习\Study\C进阶\数据存储_数据类型\数据存储_数据类型\Release\数据存储_数据类型.log,438,planned,dry_run
junk_pattern,quarantine,D:\C and C++\C++黑马学习\Study\C进阶\数据存储_数据类型\数据存储_数据类型\x64\Debug\数据存储_数据类型.log,1387,planned,dry_run
junk_pattern,quarantine,D:\C and C++\C++黑马学习\Study\C进阶\文件操作\文件操作\Debug\文件操作.log,119,planned,dry_run
junk_pattern,quarantine,D:\C and C++\C++黑马学习\Study\C进阶\文件操作\文件操作\x64\Debug\文件操作.log,123,planned,dry_run
junk_pattern,quarantine,D:\C and C++\C++黑马学习\Study\C进阶\自定义类型\自定义类型\Debug\自定义类型.log,129,planned,dry_run
junk_pattern,quarantine,D:\C and C++\C++黑马学习\Study\C进阶\自定义类型\自定义类型\x64\Debug\自定义类型.log,133,planned,dry_run
junk_pattern,quarantine,D:\C and C++\C++黑马学习\Study\C进阶\预处理\预处理\Debug\预处理.log,110,planned,dry_run
junk_pattern,quarantine,D:\C and C++\C++黑马学习\Study\Study\Debug\Study.log,128,planned,dry_run
junk_pattern,quarantine,D:\C and C++\C++黑马学习\Study\Study\x64\Debug\Study.log,222,planned,dry_run
junk_pattern,quarantine,D:\C and C++\C++黑马学习\数据结构\b站孙老师版\代码(无乱码）\代码\代码\.DS_Store,8196,planned,dry_run
junk_pattern,quarantine,D:\C and C++\C++黑马学习\数据结构\b站孙老师版\代码(无乱码）\代码\代码\栈与队列\.DS_Store,6148,planned,dry_run
junk_pattern,quarantine,D:\C and C++\C++黑马学习\数据结构\b站孙老师版\代码(无乱码）\代码\代码\线性表\.DS_Store,6148,planned,dry_run
junk_pattern,quarantine,D:\C and C++\C++黑马学习\数据结构\b站孙老师版\代码(无乱码）\代码\代码\线性表\顺序表\.DS_Store,6148,planned,dry_run
junk_pattern,quarantine,D:\C and C++\C++黑马学习\数据结构\比特版\马\LinkList\Single\SingleList\SingleList\Debug\SingleList.log,178,planned,dry_run
junk_pattern,quarantine,D:\C and C++\C++黑马学习\数据结构\比特版\马\LinkList\Single\SingleList\SingleList\x64\Debug\SingleList.log,182,planned,dry_run
junk_pattern,quarantine,D:\C and C++\C++黑马学习\数据结构\比特版\马\OJ\OJ\OJ\Debug\OJ.log,106,planned,dry_run
junk_pattern,quarantine,D:\C and C++\C++黑马学习\数据结构\比特版\马\OJ\OJ\OJ\x64\Debug\OJ.log,8507,planned,dry_run
